train_loss,train_accuracy,val_loss,val_accuracy
0.9459295808198209,0.7037279880104909,0.7574007000241961,0.7279880104908205
